File Name: 59MB0BS0-MB0A01D.RPT Test Histograms Listing         TR-518 In-Circuit-Tester
Board Name: 59MB0BS0-MB0A01D  Time: 06-04-2012 14:26:17
 
Test Statistics:
                         Raw             Retest                  Total
 
Tested                1  100.0%         0    0.0%         1  100.0%
Accepted              0    0.0%         0    0.0%         0    0.0%
Component Fail        0    0.0%         0    0.0%         0    0.0%
Open Fail             0    0.0%         0    0.0%         0    0.0%
Short Fail            1  100.0%         0    0.0%         1  100.0%
 
 
 
 
Test Histograms:
                          Total Unit in Histogram      1
 
                 < Each Cell Width is 10% of (Upper Limit - Lower Limit) >
STEP Fail%   VL  L2  L1   C1  C2  C3  C4  C5  C6  C7  C8  C9 C10   H1  H2  VH
   1   0.0             :                                        :        1000
   2   0.0             :                        1000            :            
   3   0.0             :                            1000        :            
   4   0.0             :                    1000                :            
   5   0.0             :                            1000        :            
   6   0.0             :                    1000                :            
   7   0.0             :                    1000                :            
   8   0.0             :                    1000                :            
   9   0.0             :                    1000                :            
  10   0.0             :                    1000                :            
  11   0.0             :                    1000                :            
  12   0.0             :                    1000                :            
  13   0.0             :                    1000                :            
  14   0.0             :                    1000                :            
  15   0.0             :                    1000                :            
  16   0.0             :                    1000                :            
  17   0.0             :                    1000                :            
  18   0.0             :                    1000                :            
  19   0.0             :                    1000                :            
  20   0.0             :                    1000                :            
  21   0.0             :                    1000                :            
  22   0.0             :                    1000                :            
  23   0.0             :                    1000                :            
  25   0.0             :                    1000                :            
  26   0.0             :                    1000                :            
  27   0.0             :                    1000                :            
  28   0.0             :                    1000                :            
  29   0.0             :                    1000                :            
  30   0.0             :                    1000                :            
  31   0.0             :                    1000                :            
  32   0.0             :                    1000                :            
  33   0.0             :                    1000                :            
  34   0.0             :                    1000                :            
  35   0.0             :                    1000                :            
  36   0.0             :                    1000                :            
  37   0.0             :                    1000                :            
  38   0.0             :                    1000                :            
  39   0.0             :                    1000                :            
  40   0.0             :                    1000                :            
  41   0.0             :                    1000                :            
  42   0.0             :                    1000                :            
  43   0.0             :                    1000                :            
  44   0.0             :                    1000                :            
  45   0.0             :                    1000                :            
  46   0.0             :                    1000                :            
  47   0.0             :                    1000                :            
  48   0.0             :                    1000                :            
  49   0.0             :                    1000                :            
  50   0.0             :                    1000                :            
  51   0.0             :                    1000                :            
  52   0.0             :                    1000                :            
  53   0.0             :                    1000                :            
  54   0.0             :                    1000                :            
  55   0.0             :                    1000                :            
  56   0.0             :                    1000                :            
  57   0.0             :                    1000                :            
  58   0.0             :                    1000                :            
  59   0.0             :                    1000                :            
  60   0.0             :                    1000                :            
  62   0.0             :                    1000                :            
  63   0.0             :                    1000                :            
 128   0.0             :                    1000                :            
 129   0.0             :                    1000                :            
 130   0.0             :                    1000                :            
 131   0.0             :                    1000                :            
 132   0.0             :                    1000                :            
 134   0.0             :                    1000                :            
 136   0.0             :                    1000                :            
 137   0.0             :                    1000                :            
 138   0.0             :                    1000                :            
 139   0.0             :                    1000                :            
 142   0.0             :                    1000                :            
 143   0.0             :                    1000                :            
 146   0.0             :                    1000                :            
 150   0.0             :                    1000                :            
 151   0.0             :                    1000                :            
 152   0.0             :                    1000                :            
 153   0.0             :                    1000                :            
 154   0.0             :                    1000                :            
 155   0.0             :                    1000                :            
 156   0.0             :                    1000                :            
 157   0.0             :                    1000                :            
 158   0.0             :                    1000                :            
 162   0.0             :                    1000                :            
 163   0.0             :                    1000                :            
 168   0.0             :                    1000                :            
 169   0.0             :                    1000                :            
 176   0.0             :                    1000                :            
 178   0.0             :                    1000                :            
 179   0.0             :                    1000                :            
 180   0.0             :                    1000                :            
 181   0.0             :                    1000                :            
 182   0.0             :                    1000                :            
 184   0.0             :                    1000                :            
 185   0.0             :                    1000                :            
 186   0.0             :                    1000                :            
 187   0.0             :                    1000                :            
 188   0.0             :                    1000                :            
 189   0.0             :                    1000                :            
 190   0.0             :                    1000                :            
 191   0.0             :                    1000                :            
 192   0.0             :                    1000                :            
 193   0.0             :                    1000                :            
 194   0.0             :                    1000                :            
 195   0.0             :                    1000                :            
 196   0.0             :                    1000                :            
 197   0.0             :                    1000                :            
 198   0.0             :                    1000                :            
 207   0.0             :                    1000                :            
 208   0.0             :                    1000                :            
 209   0.0             :                    1000                :            
 210   0.0             :                    1000                :            
 211   0.0             :                    1000                :            
 212   0.0             :                    1000                :            
 213   0.0             :                    1000                :            
 214   0.0             :                    1000                :            
 215   0.0             :                    1000                :            
 217   0.0             :                    1000                :            
 218   0.0             :                    1000                :            
 219   0.0             :                    1000                :            
 220   0.0             :                    1000                :            
 226   0.0             :                    1000                :            
 227   0.0             :                    1000                :            
 228   0.0             :                    1000                :            
 229   0.0             :                    1000                :            
 230   0.0             :                    1000                :            
 231   0.0             :                    1000                :            
 232   0.0             :                    1000                :            
 233   0.0             :                    1000                :            
 234   0.0             :                    1000                :            
 235   0.0             :                    1000                :            
 236   0.0             :                    1000                :            
 237   0.0             :                    1000                :            
 238   0.0             :                    1000                :            
 239   0.0             :                    1000                :            
 240   0.0             :                    1000                :            
 241   0.0             :                    1000                :            
 245   0.0             :                    1000                :            
 246   0.0             :                    1000                :            
 247   0.0             :                    1000                :            
 248   0.0             :                    1000                :            
 249   0.0             :                    1000                :            
 250   0.0             :                    1000                :            
 254   0.0             :                    1000                :            
 255   0.0             :                    1000                :            
 256   0.0             :                    1000                :            
 257   0.0             :                    1000                :            
 258   0.0             :                    1000                :            
 259   0.0             :                    1000                :            
 263   0.0             :                    1000                :            
 264   0.0             :                    1000                :            
 265   0.0             :                    1000                :            
 266   0.0             :                    1000                :            
 267   0.0             :                    1000                :            
 268   0.0             :                    1000                :            
 272   0.0             :                    1000                :            
 274   0.0             :                    1000                :            
 275   0.0             :                    1000                :            
 276   0.0             :                    1000                :            
 277   0.0             :                    1000                :            
 278   0.0             :                    1000                :            
 279   0.0             :                    1000                :            
 280   0.0             :                    1000                :            
 281   0.0             :                    1000                :            
 282   0.0             :                    1000                :            
 287   0.0             :                    1000                :            
 289   0.0             :                    1000                :            
 290   0.0             :                    1000                :            
 291   0.0             :                    1000                :            
 292   0.0             :                    1000                :            
 293   0.0             :                    1000                :            
 295   0.0             :                    1000                :            
 296   0.0             :                    1000                :            
 298   0.0             :                    1000                :            
 299   0.0             :                    1000                :            
 300   0.0             :                    1000                :            
 301   0.0             :                    1000                :            
 302   0.0             :                    1000                :            
 304   0.0             :                    1000                :            
 305   0.0             :                    1000                :            
 307   0.0             :                    1000                :            
 308   0.0             :                    1000                :            
 309   0.0             :                    1000                :            
 310   0.0             :                    1000                :            
 311   0.0             :                    1000                :            
 313   0.0             :                    1000                :            
 314   0.0             :                    1000                :            
 315   0.0             :                    1000                :            
 316   0.0             :                    1000                :            
 322   0.0             :                    1000                :            
 323   0.0             :                    1000                :            
 326   0.0             :                    1000                :            
 327   0.0             :                    1000                :            
 328   0.0             :                    1000                :            
 329   0.0             :                    1000                :            
 331   0.0             :                    1000                :            
 332   0.0             :                    1000                :            
 333   0.0             :                    1000                :            
 334   0.0             :                    1000                :            
 335   0.0             :                    1000                :            
 336   0.0             :                    1000                :            
 337   0.0             :                    1000                :            
 338   0.0             :                    1000                :            
 341   0.0             :                    1000                :            
 342   0.0             :                    1000                :            
 343   0.0             :                    1000                :            
 344   0.0             :                    1000                :            
 345   0.0             :                    1000                :            
 346   0.0             :                    1000                :            
 347   0.0             :                    1000                :            
 348   0.0             :                    1000                :            
 350   0.0             :                    1000                :            
 353   0.0             :                    1000                :            
 354   0.0             :                    1000                :            
 355   0.0             :                    1000                :            
 358   0.0             :                    1000                :            
 360   0.0             :                    1000                :            
 361   0.0             :                    1000                :            
 362   0.0             :                    1000                :            
 383   0.0             :                    1000                :            
 384   0.0             :                    1000                :            
 393   0.0             :                    1000                :            
 417   0.0             :                    1000                :            
 431   0.0             :                    1000                :            
 432   0.0             :                    1000                :            
 433   0.0             :                    1000                :            
 434   0.0             :                    1000                :            
 436   0.0             :                    1000                :            
 439   0.0             :                    1000                :            
 440   0.0             :                    1000                :            
 441   0.0             :                    1000                :            
 442   0.0             :                    1000                :            
 483 100.0             :                                        :        1000
 492   0.0             :                    1000                :            
 493   0.0             :                    1000                :            
 494   0.0             :                    1000                :            
 495   0.0             :                    1000                :            
 496   0.0             :                    1000                :            
 497   0.0             :                    1000                :            
 498   0.0             :                    1000                :            
 499   0.0             :                    1000                :            
 500   0.0             :                    1000                :            
 501   0.0             :                    1000                :            
 502   0.0             :                    1000                :            
 503   0.0             :                    1000                :            
 504   0.0             :                    1000                :            
 505   0.0             :                    1000                :            
 506   0.0             :                    1000                :            
 507   0.0             :                    1000                :            
 508   0.0             :                    1000                :            
 509   0.0             :                    1000                :            
 510   0.0             :                    1000                :            
 511   0.0             :                    1000                :            
 512   0.0             :                    1000                :            
 513   0.0             :                    1000                :            
 514   0.0             :                    1000                :            
 515   0.0             :                    1000                :            
 516   0.0             :                    1000                :            
 517   0.0             :                    1000                :            
 518   0.0             :                    1000                :            
 519   0.0             :                    1000                :            
 520   0.0             :                    1000                :            
 521   0.0             :                    1000                :            
 522   0.0             :                    1000                :            
 523   0.0             :                    1000                :            
 524   0.0             :                    1000                :            
 537   0.0             :                    1000                :            
 538   0.0             :                    1000                :            
 539   0.0             :                    1000                :            
 540   0.0             :                    1000                :            
 541   0.0             :                    1000                :            
 542   0.0             :                    1000                :            
 543   0.0             :                    1000                :            
 544   0.0             :                    1000                :            
 545   0.0             :                    1000                :            
 546   0.0             :                    1000                :            
 547   0.0             :                        1000            :            
 548   0.0             :                        1000            :            
 549   0.0             :                        1000            :            
 550   0.0             :                    1000                :            
 551   0.0             :                    1000                :            
 552   0.0             :                    1000                :            
 553   0.0             :                    1000                :            
 554   0.0             :                    1000                :            
 555   0.0             :                    1000                :            
 556   0.0             :                1000                    :            
 557   0.0             :                    1000                :            
 558   0.0             :                    1000                :            
 559   0.0             :                    1000                :            
 560   0.0             :                1000                    :            
 561   0.0             :                    1000                :            
 562   0.0             :            1000                        :            
 563   0.0             :                1000                    :            
 564   0.0             :            1000                        :            
 565   0.0             :            1000                        :            
 566   0.0             :                    1000                :            
 567   0.0             :                        1000            :            
 568   0.0             :                    1000                :            
 569   0.0             :                    1000                :            
 570   0.0             :                    1000                :            
 571   0.0             :                    1000                :            
 572   0.0             :                    1000                :            
 573   0.0             :                    1000                :            
 575   0.0             :            1000                        :            
 576   0.0             :            1000                        :            
 577   0.0             :            1000                        :            
 578   0.0             :                    1000                :            
 579   0.0             :                    1000                :            
 580   0.0             :                    1000                :            
 581   0.0             :                    1000                :            
 582   0.0             :                    1000                :            
 583   0.0             :                    1000                :            
 584   0.0             :                    1000                :            
 585   0.0             :                    1000                :            
 586   0.0             :                    1000                :            
 587   0.0             :                    1000                :            
 588   0.0             :                    1000                :            
 589   0.0             :                    1000                :            
 590   0.0             :                    1000                :            
 591   0.0             :            1000                        :            
 592   0.0             :                1000                    :            
 593   0.0             :                    1000                :            
 594   0.0             :                    1000                :            
 595   0.0             :                    1000                :            
 596   0.0             :                    1000                :            
 597   0.0             :                    1000                :            
 598   0.0             :                    1000                :            
 599   0.0             :                    1000                :            
 600   0.0             :                    1000                :            
 601   0.0             :                    1000                :            
 602   0.0             :                    1000                :            
 603   0.0             :                    1000                :            
 604   0.0             :                    1000                :            
 605   0.0             :                    1000                :            
 606   0.0             :                    1000                :            
 607   0.0             :                    1000                :            
 608   0.0             :                    1000                :            
 609   0.0             :                    1000                :            
 610   0.0             :                    1000                :            
 611   0.0             :                    1000                :            
 612   0.0             :                    1000                :            
 613   0.0             :                    1000                :            
 614   0.0             :                    1000                :            
 615   0.0             :                    1000                :            
 616   0.0             :    1000                                :            
 617   0.0             :                    1000                :            
 618   0.0             :                    1000                :            
 619   0.0             :                    1000                :            
 620   0.0             :                    1000                :            
 621   0.0             :                    1000                :            
 622   0.0             :                    1000                :            
 623   0.0             :                                1000    :            
 624   0.0             :                    1000                :            
 625   0.0             :                    1000                :            
 626   0.0             :                            1000        :            
 627   0.0             :                    1000                :            
 628   0.0             :                    1000                :            
 630   0.0             :            1000                        :            
 631   0.0             :            1000                        :            
 632   0.0             :            1000                        :            
 633   0.0             :                    1000                :            
 634   0.0             :                    1000                :            
 635   0.0             :                    1000                :            
 636   0.0             :1000                                    :            
 637   0.0             :                1000                    :            
 638   0.0             :                    1000                :            
 639   0.0             :    1000                                :            
 640   0.0             :                        1000            :            
 641   0.0             :                1000                    :            
 642   0.0             :1000                                    :            
 643   0.0             :                    1000                :            
 644   0.0             :    1000                                :            
 645   0.0             :    1000                                :            
 646   0.0             :                            1000        :            
 647   0.0             :                    1000                :            
 648   0.0             :1000                                    :            
 649   0.0             :                        1000            :            
 650   0.0             :                1000                    :            
 651   0.0             :1000                                    :            
 652   0.0             :                    1000                :            
 653   0.0             :            1000                        :            
 654   0.0             :                    1000                :            
 655   0.0             :                    1000                :            
 656   0.0             :                    1000                :            
 657   0.0             :                    1000                :            
 658   0.0             :                            1000        :            
 659   0.0             :                    1000                :            
 660   0.0             :                        1000            :            
 661   0.0             :    1000                                :            
 662   0.0             :        1000                            :            
 663   0.0             :        1000                            :            
 664   0.0             :                    1000                :            
 665   0.0             :                    1000                :            
 666   0.0             :        1000                            :            
 667   0.0             :                    1000                :            
 668   0.0             :                            1000        :            
 669   0.0             :1000                                    :            
 670   0.0             :                            1000        :            
 671   0.0             :                    1000                :            
 672   0.0             :                    1000                :            
 673   0.0             :                    1000                :            
 674   0.0             :                    1000                :            
 675   0.0             :            1000                        :            
 676   0.0             :                        1000            :            
 677   0.0             :                    1000                :            
 678   0.0             :                    1000                :            
 679   0.0             :1000                                    :            
 680   0.0             :                        1000            :            
 681   0.0             :                    1000                :            
 682   0.0             :                                1000    :            
 683   0.0             :                    1000                :            
 684   0.0             :                    1000                :            
 685   0.0             :                1000                    :            
 686   0.0             :            1000                        :            
 687   0.0             :            1000                        :            
 688   0.0             :                    1000                :            
 689   0.0             :                1000                    :            
 690   0.0             :                    1000                :            
 691   0.0             :                    1000                :            
 692   0.0             :                    1000                :            
 693   0.0             :                    1000                :            
 694   0.0             :                    1000                :            
 695   0.0             :                    1000                :            
 696   0.0             :                    1000                :            
 697   0.0             :                    1000                :            
 698   0.0             :                    1000                :            
 699   0.0             :                    1000                :            
 700   0.0             :                    1000                :            
 701   0.0             :                    1000                :            
 702   0.0             :                    1000                :            
 703   0.0             :                    1000                :            
 704   0.0             :                    1000                :            
 705   0.0             :                    1000                :            
 706   0.0             :                1000                    :            
 707   0.0             :                    1000                :            
 708   0.0             :                    1000                :            
 709   0.0             :                    1000                :            
 710   0.0             :                    1000                :            
 711   0.0             :                1000                    :            
 712   0.0             :                    1000                :            
 713   0.0             :                    1000                :            
 714   0.0             :                    1000                :            
 715   0.0             :                    1000                :            
 716   0.0             :                    1000                :            
 717   0.0             :                    1000                :            
 718   0.0             :                    1000                :            
 719   0.0             :                    1000                :            
 720   0.0             :                                1000    :            
 721   0.0             :                    1000                :            
 722   0.0             :                1000                    :            
 723   0.0             :                1000                    :            
 724   0.0             :                1000                    :            
 725   0.0             :                            1000        :            
 726   0.0             :                1000                    :            
 727   0.0             :                1000                    :            
 728   0.0             :                    1000                :            
 729   0.0             :                    1000                :            
 730   0.0             :            1000                        :            
 731   0.0             :                1000                    :            
 732   0.0             :                    1000                :            
 733   0.0             :                1000                    :            
 734   0.0             :                1000                    :            
 735   0.0             :                        1000            :            
 736   0.0             :                    1000                :            
 737   0.0             :                    1000                :            
 738   0.0             :                    1000                :            
 739   0.0             :                1000                    :            
 740   0.0             :1000                                    :            
 741   0.0             :                1000                    :            
 742   0.0             :                    1000                :            
 744   0.0             :                    1000                :            
 745   0.0             :                    1000                :            
 746   0.0             :                1000                    :            
 747   0.0             :                    1000                :            
 748   0.0             :                        1000            :            
 749   0.0             :                    1000                :            
 750   0.0             :                    1000                :            
 751   0.0             :                1000                    :            
 752   0.0             :                    1000                :            
 753   0.0             :            1000                        :            
 755   0.0             :                    1000                :            
 756   0.0             :                    1000                :            
 757   0.0             :                1000                    :            
 758   0.0             :1000                                    :            
 759   0.0             :1000                                    :            
 760   0.0             :    1000                                :            
 761   0.0             :    1000                                :            
 763   0.0             :1000                                    :            
 764   0.0             :1000                                    :            
 765   0.0             :1000                                    :            
 766   0.0             :1000                                    :            
 767   0.0             :                    1000                :            
 768   0.0             :                            1000        :            
 769   0.0             :                1000                    :            
 770   0.0             :            1000                        :            
 771   0.0             :                    1000                :            
 772   0.0             :                1000                    :            
 773   0.0             :            1000                        :            
 774   0.0             :                    1000                :            
 775   0.0             :                    1000                :            
 776   0.0             :                1000                    :            
 777   0.0             :                    1000                :            
 778   0.0             :                        1000            :            
 779   0.0             :                1000                    :            
 780   0.0             :                1000                    :            
 781   0.0             :                    1000                :            
 782   0.0             :                    1000                :            
 783   0.0             :                    1000                :            
 784   0.0             :                1000                    :            
 785   0.0             :                1000                    :            
 786   0.0             :                1000                    :            
 787   0.0             :                1000                    :            
 788   0.0             :                    1000                :            
 789   0.0             :                            1000        :            
 790   0.0             :                1000                    :            
 791   0.0             :                1000                    :            
 792   0.0             :                    1000                :            
 793   0.0             :                    1000                :            
 794   0.0             :1000                                    :            
 795   0.0             :                1000                    :            
 796   0.0             :1000                                    :            
 797   0.0             :                    1000                :            
 798   0.0             :1000                                    :            
 799   0.0             :                        1000            :            
 800   0.0             :    1000                                :            
 801   0.0             :                        1000            :            
 803   0.0             :1000                                    :            
 804   0.0             :                    1000                :            
 805   0.0             :1000                                    :            
 806   0.0             :                    1000                :            
 807   0.0             :                1000                    :            
 808   0.0             :                1000                    :            
 809   0.0             :                    1000                :            
 810   0.0             :                    1000                :            
 811   0.0             :                    1000                :            
 812   0.0             :                    1000                :            
 813   0.0             :                    1000                :            
 815   0.0             :                    1000                :            
 816   0.0             :                    1000                :            
 817   0.0             :                    1000                :            
 818   0.0             :                    1000                :            
 819   0.0             :                    1000                :            
 820   0.0             :                        1000            :            
 821   0.0             :                    1000                :            
 822   0.0             :                    1000                :            
 823   0.0             :                1000                    :            
 824   0.0             :                1000                    :            
 825   0.0             :                1000                    :            
 827   0.0             :                    1000                :            
 828   0.0             :                1000                    :            
 829   0.0             :                1000                    :            
 830   0.0             :                    1000                :            
 831   0.0             :                    1000                :            
 832   0.0             :                1000                    :            
 833   0.0             :                    1000                :            
 834   0.0             :                1000                    :            
 836   0.0             :                    1000                :            
 837   0.0             :                    1000                :            
 838   0.0             :                1000                    :            
 839   0.0             :                1000                    :            
 840   0.0             :                    1000                :            
 841   0.0             :                    1000                :            
 842   0.0             :                        1000            :            
 843   0.0             :                    1000                :            
 844   0.0             :                    1000                :            
 845   0.0             :1000                                    :            
 846   0.0             :                        1000            :            
 847   0.0             :                    1000                :            
 848   0.0             :        1000                            :            
 849   0.0             :                1000                    :            
 850   0.0             :                    1000                :            
 852   0.0             :                    1000                :            
 854   0.0             :                    1000                :            
 857   0.0             :                    1000                :            
 858   0.0             :                            1000        :            
 859   0.0             :                1000                    :            
 860   0.0             :                        1000            :            
 863   0.0             :    1000                                :            
 864   0.0             :                    1000                :            
 865   0.0             :                1000                    :            
 866   0.0             :                                1000    :            
 867   0.0             :                        1000            :            
 868   0.0             :                    1000                :            
 869   0.0             :                                    1000:            
 870   0.0             :                1000                    :            
 871   0.0             :                1000                    :            
 872   0.0             :                    1000                :            
 873   0.0             :                    1000                :            
 874   0.0             :                    1000                :            
 875   0.0             :                    1000                :            
 876   0.0             :                1000                    :            
 877   0.0             :                        1000            :            
 878   0.0             :                        1000            :            
 879   0.0             :                1000                    :            
 880   0.0             :                1000                    :            
 881   0.0             :                        1000            :            
 883   0.0             :                1000                    :            
 884   0.0             :                1000                    :            
 885   0.0             :                        1000            :            
 887   0.0             :                1000                    :            
 888   0.0             :                1000                    :            
 889   0.0             :                1000                    :            
 890   0.0             :                        1000            :            
 891   0.0             :                                1000    :            
 892   0.0             :            1000                        :            
 893   0.0             :        1000                            :            
 894   0.0             :                1000                    :            
 896   0.0             :                    1000                :            
 897   0.0             :                1000                    :            
 898   0.0             :    1000                                :            
 899   0.0             :            1000                        :            
 900   0.0             :            1000                        :            
 902   0.0             :            1000                        :            
 903   0.0             :                1000                    :            
 904   0.0             :                    1000                :            
 905   0.0             :            1000                        :            
 906   0.0             :                1000                    :            
 907   0.0             :                1000                    :            
 910   0.0             :    1000                                :            
 911   0.0             :        1000                            :            
 913   0.0             :                1000                    :            
 914   0.0             :        1000                            :            
 915   0.0             :                                1000    :            
 916   0.0             :            1000                        :            
 917   0.0             :1000                                    :            
1177   0.0             :                1000                    :            
1178   0.0             :                1000                    :            
1179   0.0             :            1000                        :            
1180   0.0             :            1000                        :            
1181   0.0             :                1000                    :            
1182   0.0             :            1000                        :            
1183   0.0             :    1000                                :            
1184   0.0             :            1000                        :            
1185   0.0             :    1000                                :            
1186   0.0             :                1000                    :            
1187   0.0             :1000                                    :            
1188   0.0             :        1000                            :            
1189   0.0             :                    1000                :            
1190   0.0             :1000                                    :            
1191 100.0         1000:                                        :            
1192   0.0             :    1000                                :            
1193   0.0             :                        1000            :            
1194   0.0             :                            1000        :            
1195   0.0             :    1000                                :            
1196   0.0             :    1000                                :            
1197   0.0             :            1000                        :            
1198   0.0             :            1000                        :            
1199   0.0             :                    1000                :            
1200   0.0             :                        1000            :            
1201   0.0             :                            1000        :            
1202   0.0             :                1000                    :            
1204   0.0             :                    1000                :            
1205   0.0             :                1000                    :            
1206   0.0             :                    1000                :            
1207   0.0             :            1000                        :            
1208   0.0             :            1000                        :            
1214   0.0             :            1000                        :            
1231   0.0             :            1000                        :            
1232   0.0             :            1000                        :            
1233   0.0             :                            1000        :            
1234   0.0             :                1000                    :            
1235   0.0             :            1000                        :            
1236   0.0             :        1000                            :            
1237   0.0             :            1000                        :            
1238   0.0             :            1000                        :            
1241   0.0             :        1000                            :            
1245   0.0             :            1000                        :            
1246 100.0             :                                        :        1000
1252   0.0             :            1000                        :            
1256   0.0             :                1000                    :            
1257   0.0             :        1000                            :            
1261   0.0             :                        1000            :            
1263   0.0             :                1000                    :            
1264   0.0             :            1000                        :            
1266   0.0             :            1000                        :            
1268   0.0             :            1000                        :            
1270   0.0             :            1000                        :            
1272   0.0             :                        1000            :            
1274   0.0             :                        1000            :            
1275   0.0             :            1000                        :            
1276   0.0             :            1000                        :            
1279   0.0             :            1000                        :            
1281   0.0             :            1000                        :            
1282   0.0             :            1000                        :            
1287   0.0             :            1000                        :            
1295   0.0             :            1000                        :            
1299   0.0             :            1000                        :            
1309   0.0             :            1000                        :            
1317   0.0             :                1000                    :            
1322   0.0             :        1000                            :            
1329   0.0             :        1000                            :            
1330   0.0             :        1000                            :            
1331   0.0             :                1000                    :            
1338   0.0             :                                    1000:            
1344   0.0             :        1000                            :            
1345 100.0             :                                        :1000        
1357   0.0             :    1000                                :            
1398   0.0             :            1000                        :            
1399   0.0             :            1000                        :            
1400   0.0             :                1000                    :            
1401   0.0             :            1000                        :            
1403   0.0             :        1000                            :            
1406   0.0             :        1000                            :            
1407   0.0             :            1000                        :            
1410   0.0             :                        1000            :            
1411   0.0             :        1000                            :            
1412   0.0             :            1000                        :            
1413   0.0             :            1000                        :            
1415   0.0             :                1000                    :            
1430   0.0             :            1000                        :            
1431   0.0             :        1000                            :            
1432   0.0             :                1000                    :            
1433   0.0             :                    1000                :            
1436   0.0             :        1000                            :            
1437   0.0             :    1000                                :            
1440   0.0             :        1000                            :            
1442   0.0             :                1000                    :            
1447   0.0             :            1000                        :            
1448   0.0             :        1000                            :            
1449   0.0             :        1000                            :            
1450   0.0             :            1000                        :            
1456   0.0             :                    1000                :            
1466   0.0             :        1000                            :            
1471   0.0             :                1000                    :            
1474   0.0             :                1000                    :            
1475   0.0             :                1000                    :            
1476   0.0             :                1000                    :            
1477   0.0             :                1000                    :            
1478   0.0             :                1000                    :            
1479   0.0             :                    1000                :            
1480   0.0             :                        1000            :            
1481   0.0             :            1000                        :            
1482   0.0             :1000                                    :            
1485   0.0             :                    1000                :            
1486   0.0             :        1000                            :            
1490   0.0             :                                    1000:            
1491   0.0             :    1000                                :            
1496   0.0             :    1000                                :            
1499   0.0             :                1000                    :            
1500   0.0             :                    1000                :            
1501   0.0             :                    1000                :            
1502   0.0             :                    1000                :            
1503   0.0             :                    1000                :            
1504   0.0             :                    1000                :            
1505   0.0             :                    1000                :            
1506   0.0             :                    1000                :            
1507   0.0             :                    1000                :            
1508   0.0             :                    1000                :            
1509   0.0             :                    1000                :            
1510   0.0             :                    1000                :            
1511   0.0             :                    1000                :            
1512   0.0             :                    1000                :            
1513   0.0             :                    1000                :            
1514   0.0             :                    1000                :            
1515   0.0             :                    1000                :            
1516   0.0             :                    1000                :            
1517   0.0             :                    1000                :            
1518   0.0             :                    1000                :            
1539   0.0             :                                        :        1000
1540   0.0             :                1000                    :            
1541   0.0             :                1000                    :            
1542   0.0             :                                        :        1000
1543   0.0             :                1000                    :            
1544   0.0             :                1000                    :            
1547   0.0             :        1000                            :            
1548   0.0             :    1000                                :            
1549   0.0             :    1000                                :            
1550   0.0             :                    1000                :            
1551   0.0             :                    1000                :            
1552   0.0             :                    1000                :            
1553   0.0             :    1000                                :            
1554   0.0             :        1000                            :            
1555   0.0             :        1000                            :            
1556   0.0             :                    1000                :            
1557   0.0             :                    1000                :            
1558   0.0             :                    1000                :            
1567   0.0             :                1000                    :            
1568   0.0             :                1000                    :            
1569   0.0             :                        1000            :            
1570   0.0             :                    1000                :            
1571   0.0             :    1000                                :            
1572   0.0             :                            1000        :            
1573   0.0             :                            1000        :            
1574   0.0             :                            1000        :            
1575   0.0             :                            1000        :            
1576   0.0             :                            1000        :            
1577   0.0             :                            1000        :            
1579   0.0             :                1000                    :            
1580   0.0             :                1000                    :            
1581   0.0             :                                        :        1000
1582   0.0             :                    1000                :            
1583   0.0             :                    1000                :            
1585   0.0             :                    1000                :            
1586   0.0             :                    1000                :            
1588   0.0             :                    1000                :            
1589   0.0             :                    1000                :            
1590   0.0             :                1000                    :            
1591   0.0             :            1000                        :            
1592   0.0             :                1000                    :            
1594   0.0             :                1000                    :            
1595   0.0             :                1000                    :            
1596   0.0             :                                        :        1000
1597   0.0             :                1000                    :            
1598   0.0             :                    1000                :            
1600   0.0             :            1000                        :            
1601   0.0             :            1000                        :            
1603   0.0             :                1000                    :            
1604   0.0             :                1000                    :            
1605   0.0             :                1000                    :            
1606   0.0             :                                        :        1000
1609   0.0             :                    1000                :            
1610   0.0             :                    1000                :            
1611   0.0             :1000                                    :            
1612   0.0             :1000                                    :            
1613   0.0             :                            1000        :            
1614   0.0             :                            1000        :            
1615   0.0             :                            1000        :            
1616   0.0             :                        1000            :            
1617   0.0             :                            1000        :            
1618   0.0             :                        1000            :            
1619   0.0             :                    1000                :            
1620   0.0             :                    1000                :            
1621   0.0             :                    1000                :            
1622   0.0             :                        1000            :            
1623   0.0             :                        1000            :            
1624   0.0             :                        1000            :            
1625   0.0             :                    1000                :            
1626   0.0             :                1000                    :            
1627   0.0             :                    1000                :            
1628   0.0             :                        1000            :            
1629   0.0             :                        1000            :            
1630   0.0             :                        1000            :            
1631   0.0             :                    1000                :            
1632   0.0             :                    1000                :            
1633   0.0             :                    1000                :            
1634   0.0             :                        1000            :            
1635   0.0             :                        1000            :            
1636   0.0             :                        1000            :            
1640   0.0             :                            1000        :            
1641   0.0             :                    1000                :            
1642   0.0             :                            1000        :            
1643   0.0             :                    1000                :            
1644   0.0             :                    1000                :            
1645   0.0             :                    1000                :            
1646   0.0             :                        1000            :            
1647   0.0             :                        1000            :            
1648   0.0             :                        1000            :            
1649   0.0             :                    1000                :            
1650   0.0             :                    1000                :            
1651   0.0             :                    1000                :            
1652   0.0             :                        1000            :            
1653   0.0             :                        1000            :            
1654   0.0             :                        1000            :            
1663   0.0             :                                        :        1000
1664   0.0 1000        :                                        :            
1665   0.0             :                1000                    :            
1666   0.0             :                                        :        1000
1667   0.0 1000        :                                        :            
1668   0.0             :    1000                                :            
1669   0.0             :                                        :        1000
1670   0.0             :                                        :        1000
1671   0.0             :                            1000        :            
1672   0.0 1000        :                                        :            
1673   0.0             :                        1000            :            
1674   0.0 1000        :                                        :            
1675   0.0             :            1000                        :            
1676   0.0             :                                        :    1000    
1677   0.0             :                                        :        1000
1678   0.0             :                            1000        :            
1679   0.0 1000        :                                        :            
1680   0.0             :                            1000        :            
1681   0.0             :                            1000        :            
1682   0.0 1000        :                                        :            
1683   0.0             :                            1000        :            
1687   0.0             :                            1000        :            
1688   0.0 1000        :                                        :            
1689   0.0             :                            1000        :            
1690   0.0             :                            1000        :            
1691   0.0 1000        :                                        :            
1692   0.0             :                            1000        :            
1693   0.0             :                            1000        :            
1694   0.0 1000        :                                        :            
1695   0.0             :                            1000        :            
1696   0.0             :                            1000        :            
1697   0.0 1000        :                                        :            
1698   0.0             :                            1000        :            
1704   0.0 1000        :                                        :            
1705   0.0             :            1000                        :            
1706   0.0             :                                        :        1000
1707   0.0             :                                        :        1000
1708   0.0 1000        :                                        :            
1709   0.0             :            1000                        :            
1710   0.0             :                                        :        1000
1711   0.0             :                                        :        1000
1712   0.0 1000        :                                        :            
1713   0.0             :            1000                        :            
1714   0.0             :                                    1000:            
1715   0.0             :                        1000            :            
1716   0.0 1000        :                                        :            
1717   0.0             :            1000                        :            
1718   0.0             :1000                                    :            
1719   0.0             :1000                                    :            
1720   0.0 1000        :                                        :            
1721   0.0             :1000                                    :            
1722   0.0             :            1000                        :            
1723   0.0             :        1000                            :            
1724   0.0 1000        :                                        :            
1725   0.0             :                1000                    :            
1726   0.0             :1000                                    :            
1727   0.0             :    1000                                :            
1728   0.0 1000        :                                        :            
1729   0.0             :        1000                            :            
1730   0.0             :                            1000        :            
1731   0.0             :                            1000        :            
1732   0.0 1000        :                                        :            
1733   0.0             :            1000                        :            
1734   0.0             :                1000                    :            
1735   0.0             :        1000                            :            
1736   0.0 1000        :                                        :            
1737   0.0             :                    1000                :            
1738   0.0             :                    1000                :            
1739   0.0             :                                        :        1000
1743   0.0 1000        :                                        :            
1744   0.0             :        1000                            :            
1745   0.0             :                                        :        1000
1746   0.0             :                                        :        1000
1747   0.0             :                            1000        :            
1748   0.0 1000        :                                        :            
1749   0.0             :                            1000        :            
1750   0.0     1000    :                                        :            
1751   0.0             :        1000                            :            
1752   0.0             :                            1000        :            
1753   0.0             :                                        :        1000
1754   0.0             :                            1000        :            
1755   0.0 1000        :                                        :            
1756   0.0             :                            1000        :            
1757   0.0 1000        :                                        :            
1758   0.0             :            1000                        :            
1759   0.0             :                                        :        1000
1760   0.0             :                                        :        1000
1761   0.0             :                            1000        :            
1762   0.0 1000        :                                        :            
1763   0.0             :                            1000        :            
1764   0.0 1000        :                                        :            
1765   0.0             :                            1000        :            
1766   0.0             :                                        :        1000
1767   0.0             :                                        :        1000
1768   0.0 1000        :                                        :            
1769   0.0             :1000                                    :            
1770   0.0             :                                        :        1000
1771   0.0             :                                        :        1000
1772   0.0 1000        :                                        :            
1773   0.0             :1000                                    :            
1774   0.0             :                                        :        1000
1775   0.0             :                                        :        1000
1785   0.0 1000        :                                        :            
1786   0.0             :                1000                    :            
1787   0.0             :                                1000    :            
1788 100.0 1000        :                                        :            
1789   0.0 1000        :                                        :            
1790   0.0             :        1000                            :            
1791   0.0             :1000                                    :            
1792   0.0             :1000                                    :            
1793   0.0             :                            1000        :            
1794   0.0 1000        :                                        :            
1795   0.0             :                            1000        :            
1796   0.0             :                            1000        :            
1797   0.0 1000        :                                        :            
1798   0.0             :                        1000            :            
1799   0.0             :                            1000        :            
1800   0.0 1000        :                                        :            
1801   0.0             :                        1000            :            
1802   0.0 1000        :                                        :            
1803   0.0             :            1000                        :            
1804   0.0             :                            1000        :            
1805   0.0             :                                        :    1000    
1806   0.0 1000        :                                        :            
1807   0.0             :            1000                        :            
1808   0.0             :                                        :        1000
1809   0.0             :                                        :        1000
1816   0.0 1000        :                                        :            
1817   0.0             :                                1000    :            
1818   0.0             :                                        :        1000
1819   0.0             :                                        :        1000
1820   0.0 1000        :                                        :            
1821   0.0             :                    1000                :            
1822   0.0             :                                        :        1000
1823   0.0             :                                1000    :            
1824   0.0 1000        :                                        :            
1825   0.0             :            1000                        :            
1826   0.0             :                                        :    1000    
1827   0.0             :                                        :        1000
1828   0.0 1000        :                                        :            
1829   0.0             :            1000                        :            
1830   0.0             :                                        :        1000
1831   0.0             :                                        :        1000
1835   0.0 1000        :                                        :            
1836   0.0             :                        1000            :            
1837   0.0             :                    1000                :            
1838   0.0             :                        1000            :            
1839   0.0             :                            1000        :            
1840   0.0 1000        :                                        :            
1841   0.0             :                            1000        :            
1842   0.0 1000        :                                        :            
1843   0.0             :                            1000        :            
1844   0.0             :                                        :        1000
1845   0.0             :                                        :        1000
1846   0.0             :                        1000            :            
1847   0.0             :        1000                            :            
1848   0.0             :                1000                    :            
1849   0.0 1000        :                                        :            
1850   0.0             :            1000                        :            
1851   0.0             :                                        :1000        
1852   0.0             :                                        :1000        
1853   0.0             :                            1000        :            
1854   0.0 1000        :                                        :            
1855   0.0             :                            1000        :            
1856   0.0 1000        :                                        :            
1857   0.0             :    1000                                :            
1858   0.0             :                                        :        1000
1859   0.0             :                                        :        1000
1863   0.0 1000        :                                        :            
1864   0.0             :                1000                    :            
1865   0.0             :                                        :        1000
1866   0.0             :                                        :        1000
1867   0.0 1000        :                                        :            
1868   0.0             :                1000                    :            
1869   0.0             :                                        :        1000
1870   0.0             :                                        :        1000
1871   0.0             :                    1000                :            
1872   0.0             :                1000                    :            
1873   0.0             :                                1000    :            
1874   0.0             :                                1000    :            
1875   0.0             :                        1000            :            
1876   0.0             :                1000                    :            
1877   0.0             :                        1000            :            
1878   0.0             :                        1000            :            
1879   0.0 1000        :                                        :            
1880   0.0             :                    1000                :            
1881   0.0             :                1000                    :            
1882   0.0             :                                        :        1000
1883   0.0             :                            1000        :            
1884   0.0 1000        :                                        :            
1885   0.0             :                            1000        :            
1886   0.0             :    1000                                :            
1887   0.0             :            1000                        :            
1888   0.0             :                1000                    :            
1889   0.0             :                1000                    :            
1893   0.0 1000        :                                        :            
1894   0.0             :        1000                            :            
1895   0.0             :                                        :        1000
1896   0.0             :                                        :        1000
1897   0.0 1000        :                                        :            
1898   0.0             :                1000                    :            
1899   0.0             :                                1000    :            
1900   0.0             :                            1000        :            
1901   0.0             :                        1000            :            
1902   0.0             :                    1000                :            
1903   0.0             :                    1000                :            
1904   0.0             :                    1000                :            
1905   0.0             :                    1000                :            
1906   0.0             :                    1000                :            
1907   0.0             :                    1000                :            
1908   0.0             :                    1000                :            
1909   0.0             :                1000                    :            
1910   0.0             :                    1000                :            
1911   0.0             :1000                                    :            
1912   0.0             :                    1000                :            
1913   0.0             :                    1000                :            
1914   0.0             :                    1000                :            
1915   0.0             :                    1000                :            
1916   0.0             :                    1000                :            
1917   0.0             :                    1000                :            
1918   0.0             :1000                                    :            
1919   0.0             :                        1000            :            
1920   0.0             :                    1000                :            
1921   0.0             :                    1000                :            
1922   0.0             :                    1000                :            
1923   0.0             :                    1000                :            
1924   0.0             :                    1000                :            
1925   0.0             :                        1000            :            
1926   0.0             :                    1000                :            
1927   0.0             :                            1000        :            
1928   0.0             :                        1000            :            
1929   0.0             :                        1000            :            
1930   0.0             :                        1000            :            
1931   0.0             :                    1000                :            
1932   0.0             :                    1000                :            
1933   0.0             :                    1000                :            
1934   0.0             :                    1000                :            
1935   0.0             :                    1000                :            
1936   0.0             :                        1000            :            
1937   0.0             :                    1000                :            
1938   0.0             :                            1000        :            
1939   0.0             :                    1000                :            
1940   0.0             :                1000                    :            
1941   0.0             :                    1000                :            
1942   0.0             :                1000                    :            
1943   0.0             :                    1000                :            
1944   0.0             :                    1000                :            
1945   0.0             :                    1000                :            
1946   0.0             :                    1000                :            
1947   0.0             :                1000                    :            
1948   0.0             :                1000                    :            
1949   0.0             :                    1000                :            
1950   0.0             :                    1000                :            
1951   0.0             :                    1000                :            
1952   0.0             :            1000                        :            
1953   0.0             :                1000                    :            
1954   0.0             :                1000                    :            
1955   0.0             :                    1000                :            
1956   0.0             :                    1000                :            
1957   0.0             :                    1000                :            
1958   0.0             :                    1000                :            
1959   0.0             :                    1000                :            
1960   0.0             :                    1000                :            
1961   0.0             :                    1000                :            
1962   0.0             :                    1000                :            
1963   0.0             :                    1000                :            
1964   0.0             :                    1000                :            
1965   0.0             :                    1000                :            
1966   0.0             :                    1000                :            
1967   0.0             :                    1000                :            
1968   0.0             :                    1000                :            
1969   0.0             :                    1000                :            
1970   0.0             :                    1000                :            
1971   0.0             :            1000                        :            
1972   0.0             :                    1000                :            
1973   0.0             :                    1000                :            
1974   0.0             :                    1000                :            
1975   0.0             :                    1000                :            
1976   0.0             :                    1000                :            
1977   0.0             :                    1000                :            
1978   0.0             :                1000                    :            
1979   0.0             :                1000                    :            
1980   0.0             :                1000                    :            
1981   0.0             :                1000                    :            
1982   0.0             :                1000                    :            
1983   0.0             :                    1000                :            
1984   0.0             :                    1000                :            
1985   0.0             :                                1000    :            
1986   0.0             :                    1000                :            
1987   0.0             :                    1000                :            
1988   0.0             :                    1000                :            
1989   0.0             :                        1000            :            
1990   0.0             :                    1000                :            
1991   0.0             :                            1000        :            
1992   0.0             :            1000                        :            
1993   0.0             :                    1000                :            
1994   0.0             :                    1000                :            
1995   0.0             :                1000                    :            
1996   0.0             :                    1000                :            
1997   0.0             :                    1000                :            
1998   0.0             :                    1000                :            
1999   0.0             :                    1000                :            
2000   0.0             :                    1000                :            
2001   0.0             :                    1000                :            
2002   0.0             :                    1000                :            
2003   0.0             :                    1000                :            
2004   0.0             :                    1000                :            
2005   0.0             :    1000                                :            
2006   0.0             :                        1000            :            
2007   0.0             :                    1000                :            
2008   0.0             :                    1000                :            
2009   0.0             :                        1000            :            
2010   0.0             :                        1000            :            
2011   0.0             :                    1000                :            
2012   0.0             :                    1000                :            
2013   0.0             :                        1000            :            
2014   0.0             :                        1000            :            
2015   0.0             :                    1000                :            
2016   0.0             :                    1000                :            
2017   0.0             :                    1000                :            
2018   0.0             :                    1000                :            
2019   0.0             :                    1000                :            
2020   0.0             :                    1000                :            
2021   0.0             :                    1000                :            
2022   0.0             :                        1000            :            
2023   0.0             :                    1000                :            
2024   0.0             :                        1000            :            
2025   0.0             :                    1000                :            
2026   0.0             :                    1000                :            
2027   0.0             :                    1000                :            
2028   0.0             :                    1000                :            
2029   0.0             :                    1000                :            
2030   0.0             :                    1000                :            
2031   0.0             :                    1000                :            
2032   0.0             :                    1000                :            
2033   0.0             :                    1000                :            
2034   0.0             :                    1000                :            
2035   0.0             :                    1000                :            
2036   0.0             :                    1000                :            
2037   0.0             :                    1000                :            
2038   0.0             :                    1000                :            
2039   0.0             :                    1000                :            
2040   0.0             :                    1000                :            
2041   0.0             :            1000                        :            
2042   0.0             :                    1000                :            
2043   0.0             :                    1000                :            
2044   0.0             :                    1000                :            
2045   0.0             :                1000                    :            
2046   0.0             :                            1000        :            
2047   0.0             :                        1000            :            
2048   0.0             :                    1000                :            
2049   0.0             :                    1000                :            
2050   0.0             :                1000                    :            
2051   0.0             :                    1000                :            
2052   0.0             :                    1000                :            
2053   0.0             :                    1000                :            
2054   0.0             :                    1000                :            
2055   0.0             :                    1000                :            
2056   0.0             :                    1000                :            
2057   0.0             :                        1000            :            
2058   0.0             :                        1000            :            
2059   0.0             :                    1000                :            
2060   0.0             :                    1000                :            
2061   0.0             :                    1000                :            
2062   0.0             :                    1000                :            
2063   0.0             :                    1000                :            
2064   0.0             :                    1000                :            
2065   0.0             :                    1000                :            
2066   0.0             :                        1000            :            
2067   0.0             :                    1000                :            
2068   0.0             :                    1000                :            
2069   0.0             :                    1000                :            
2070   0.0             :                    1000                :            
2071   0.0             :                    1000                :            
2072   0.0             :                    1000                :            
2073   0.0             :                    1000                :            
2074   0.0             :                    1000                :            
2075   0.0             :                    1000                :            
2076   0.0             :                    1000                :            
2077   0.0             :                    1000                :            
2078   0.0             :                    1000                :            
2079   0.0             :                        1000            :            
2080   0.0             :                    1000                :            
2081   0.0             :                    1000                :            
2082   0.0             :                    1000                :            
2083   0.0             :                    1000                :            
2084   0.0             :                    1000                :            
2085   0.0             :                    1000                :            
2086   0.0             :                    1000                :            
2087   0.0             :                    1000                :            
2088   0.0             :                    1000                :            
2089   0.0             :                    1000                :            
2090   0.0             :                    1000                :            
2091   0.0             :                    1000                :            
2092   0.0             :                    1000                :            
2093   0.0             :                1000                    :            
2094   0.0             :                1000                    :            
2095   0.0             :                    1000                :            
2096   0.0             :1000                                    :            
2097   0.0             :                    1000                :            
2098   0.0             :                    1000                :            
2099   0.0             :                1000                    :            
2100   0.0             :                    1000                :            
2101   0.0             :                1000                    :            
2102   0.0             :                1000                    :            
2103   0.0             :                    1000                :            
2104   0.0             :            1000                        :            
2105   0.0             :                1000                    :            
2106   0.0             :            1000                        :            
2107   0.0             :        1000                            :            
2108   0.0             :        1000                            :            
2109   0.0             :                        1000            :            
2110   0.0             :                    1000                :            
2111   0.0             :                    1000                :            
2112   0.0             :                    1000                :            
2113   0.0             :                    1000                :            
2114   0.0             :                    1000                :            
2115   0.0             :                    1000                :            
2116   0.0             :                    1000                :            
2117   0.0             :                    1000                :            
2118   0.0             :                    1000                :            
2119   0.0             :                    1000                :            
2120   0.0             :                    1000                :            
2121   0.0             :                    1000                :            
2122   0.0             :                    1000                :            
2123   0.0             :                    1000                :            
2124   0.0             :                    1000                :            
2125   0.0             :                    1000                :            
2126   0.0             :    1000                                :            
2127   0.0             :                    1000                :            
2128   0.0             :                    1000                :            
2129   0.0             :                    1000                :            
2130   0.0             :                    1000                :            
2131   0.0             :                    1000                :            
2132   0.0             :                    1000                :            
2133   0.0             :                    1000                :            
2134   0.0             :                    1000                :            
2135   0.0             :                    1000                :            
2136   0.0             :                    1000                :            
2137   0.0             :                    1000                :            
2138   0.0             :                    1000                :            
2139   0.0             :                    1000                :            
2140   0.0             :                    1000                :            
2141   0.0             :                    1000                :            
2142   0.0             :                    1000                :            
2143   0.0             :                    1000                :            
2144   0.0             :                    1000                :            
2145   0.0             :                    1000                :            
2146   0.0             :                    1000                :            
2147   0.0             :                        1000            :            
2148   0.0             :                    1000                :            
2149   0.0             :                        1000            :            
2150   0.0             :                    1000                :            
2151   0.0             :                        1000            :            
2152   0.0             :                    1000                :            
2153   0.0             :                        1000            :            
2154   0.0             :                    1000                :            
2155   0.0             :                    1000                :            
2156   0.0             :                        1000            :            
2157   0.0             :                    1000                :            
2158   0.0             :                    1000                :            
2159   0.0             :                    1000                :            
2160   0.0             :                    1000                :            
2161   0.0             :                    1000                :            
2162   0.0             :                    1000                :            
2163   0.0             :                    1000                :            
2164   0.0             :                            1000        :            
2165   0.0             :                    1000                :            
2166   0.0             :                    1000                :            
2167   0.0             :                    1000                :            
2168   0.0             :                    1000                :            
2169   0.0             :                        1000            :            
2170   0.0             :                        1000            :            
2171   0.0             :                    1000                :            
2172   0.0             :                    1000                :            
2173   0.0             :                    1000                :            
2174   0.0             :                    1000                :            
2175   0.0             :                    1000                :            
2176   0.0             :                    1000                :            
2177   0.0             :                    1000                :            
2178   0.0             :                        1000            :            
2179   0.0             :                    1000                :            
2180   0.0             :                    1000                :            
2181   0.0             :                    1000                :            
2182   0.0             :                    1000                :            
2183   0.0             :                    1000                :            
2184   0.0             :                    1000                :            
2185   0.0             :                    1000                :            
2186   0.0             :                    1000                :            
2187   0.0             :                        1000            :            
2188   0.0             :                        1000            :            
2189   0.0             :                        1000            :            
2190   0.0             :                        1000            :            
2191   0.0             :                    1000                :            
2192   0.0             :                        1000            :            
2193   0.0             :                    1000                :            
2194   0.0             :                    1000                :            
2195   0.0             :                    1000                :            
2196   0.0             :                    1000                :            
2197   0.0             :                    1000                :            
2198   0.0             :                    1000                :            
2199   0.0             :                        1000            :            
2200   0.0             :                    1000                :            
2201   0.0             :                    1000                :            
2202   0.0             :                    1000                :            
2203   0.0             :                    1000                :            
2204   0.0             :                1000                    :            
2205   0.0             :                        1000            :            
2206   0.0             :                    1000                :            
2207   0.0             :                    1000                :            
2208   0.0             :                    1000                :            
2209   0.0             :                    1000                :            
2210   0.0             :                    1000                :            
2211   0.0             :                    1000                :            
2212   0.0             :                    1000                :            
2213   0.0             :                        1000            :            
2214   0.0             :                    1000                :            
2215   0.0             :                    1000                :            
2216   0.0             :                    1000                :            
2217   0.0             :                    1000                :            
2218   0.0             :                    1000                :            
2219   0.0             :                    1000                :            
2220   0.0             :                    1000                :            
2221   0.0             :                    1000                :            
2222   0.0             :                    1000                :            
2223   0.0             :                    1000                :            
2224   0.0             :                    1000                :            
2225   0.0             :                    1000                :            
2226   0.0             :                    1000                :            
2227   0.0             :                    1000                :            
2228   0.0             :                    1000                :            
2229   0.0             :                    1000                :            
2230   0.0             :                    1000                :            
2231   0.0             :                    1000                :            
2232   0.0             :                        1000            :            
2233   0.0             :                    1000                :            
2234   0.0             :                    1000                :            
2235   0.0             :                    1000                :            
2236   0.0             :                    1000                :            
2237   0.0             :                        1000            :            
2238   0.0             :                    1000                :            
2239   0.0             :                    1000                :            
2240   0.0             :                    1000                :            
2241   0.0             :                    1000                :            
2242   0.0             :                    1000                :            
2243   0.0             :                    1000                :            
2244   0.0             :                    1000                :            
2245   0.0             :                    1000                :            
2246   0.0             :                    1000                :            
2247   0.0             :                    1000                :            
2248   0.0             :                    1000                :            
2249   0.0             :                    1000                :            
2250   0.0             :                    1000                :            
2251   0.0             :                    1000                :            
2252   0.0             :                    1000                :            
2253   0.0             :                    1000                :            
2254   0.0             :                    1000                :            
2255   0.0             :                    1000                :            
2256   0.0             :                    1000                :            
2257   0.0             :                    1000                :            
2258   0.0             :                    1000                :            
2259   0.0             :                    1000                :            
2260   0.0             :                    1000                :            
2261   0.0             :                    1000                :            
2262   0.0             :                    1000                :            
2263   0.0             :                    1000                :            
2264   0.0             :                    1000                :            
2265   0.0             :                    1000                :            
2266   0.0             :                    1000                :            
2267   0.0             :                    1000                :            
2268   0.0             :                    1000                :            
2269   0.0             :                    1000                :            
2270   0.0             :                    1000                :            
2271   0.0             :                    1000                :            
2272   0.0             :                    1000                :            
2273   0.0             :                    1000                :            
2274   0.0             :                    1000                :            
2275   0.0             :                    1000                :            
2276   0.0             :                    1000                :            
2277   0.0             :                    1000                :            
2278   0.0             :                    1000                :            
2279   0.0             :                    1000                :            
2280   0.0             :                    1000                :            
2281   0.0             :                    1000                :            
2282   0.0             :                    1000                :            
2283   0.0             :                    1000                :            
2284   0.0             :                1000                    :            
2285   0.0             :                    1000                :            
2286   0.0             :                    1000                :            
2287   0.0             :                    1000                :            
2288   0.0             :                            1000        :            
2289   0.0             :                    1000                :            
2290   0.0             :                    1000                :            
2291   0.0             :                    1000                :            
2292   0.0             :                    1000                :            
2293   0.0             :                    1000                :            
2294   0.0             :                    1000                :            
2295   0.0             :                    1000                :            
2296   0.0             :                    1000                :            
2297   0.0             :                        1000            :            
2298   0.0             :1000                                    :            
2299   0.0             :                1000                    :            
2300   0.0             :                    1000                :            
2301   0.0             :                    1000                :            
2302   0.0             :                    1000                :            
2303   0.0             :                    1000                :            
2304   0.0             :                    1000                :            
2305   0.0             :                    1000                :            
2306   0.0             :                    1000                :            
2307   0.0             :                        1000            :            
2308   0.0             :                    1000                :            
2309   0.0             :                    1000                :            
2312   0.0             :    1000                                :            
2313   0.0             :1000                                    :            
2314   0.0             :1000                                    :            
2315   0.0             :        1000                            :            
2316   0.0             :        1000                            :            
2317   0.0             :    1000                                :            
2318   0.0             :    1000                                :            
2319   0.0             :            1000                        :            
2320   0.0             :1000                                    :            
2321   0.0             :1000                                    :            
2322   0.0             :    1000                                :            
2323   0.0             :        1000                            :            
2324   0.0             :        1000                            :            
2325   0.0             :            1000                        :            
2326   0.0             :            1000                        :            
2327   0.0             :        1000                            :            
2328   0.0             :        1000                            :            
2329   0.0             :        1000                            :            
2330   0.0             :        1000                            :            
2332   0.0             :    1000                                :            
2333   0.0             :            1000                        :            
2334   0.0             :    1000                                :            
2335   0.0             :    1000                                :            
2336   0.0             :1000                                    :            
2337   0.0             :1000                                    :            
2338   0.0             :    1000                                :            
2339   0.0             :    1000                                :            
2340   0.0             :        1000                            :            
2341   0.0             :        1000                            :            
2342   0.0             :    1000                                :            
2343   0.0             :        1000                            :            
2350   0.0             :            1000                        :            
2351   0.0             :    1000                                :            
2352   0.0             :    1000                                :            
2353   0.0             :        1000                            :            
2354   0.0             :            1000                        :            
2355   0.0             :    1000                                :            
2356   0.0             :        1000                            :            
2357   0.0             :    1000                                :            
2358   0.0             :            1000                        :            
2359   0.0             :        1000                            :            
2360   0.0             :    1000                                :            
2361   0.0             :            1000                        :            
2362   0.0             :    1000                                :            
2363   0.0             :                1000                    :            
2364   0.0             :                1000                    :            
2366   0.0             :            1000                        :            
2367   0.0             :            1000                        :            
2368   0.0             :            1000                        :            
2370   0.0             :        1000                            :            
2371   0.0             :    1000                                :            
2373   0.0             :        1000                            :            
